<?xml version="1.0" encoding="UTF-8"?>
<project-private xmlns="http://www.netbeans.org/ns/project-private/1">
    <editor-bookmarks xmlns="http://www.netbeans.org/ns/editor-bookmarks/2" lastBookmarkId="0"/>
    <open-files xmlns="http://www.netbeans.org/ns/projectui-open-files/2">
        <group>
            <file>file:/C:/Users/Ari/Documents/NetBeansProjects/pertemuan4/src/pertemuan4/Lat4Multiple.java</file>
            <file>file:/C:/Users/Ari/Documents/NetBeansProjects/pertemuan4/src/pertemuan4/Lat2Multilevel.java</file>
            <file>file:/C:/Users/Ari/Documents/NetBeansProjects/pertemuan4/src/pertemuan4/Lat3Hierarchical.java</file>
            <file>file:/C:/Users/Ari/Documents/NetBeansProjects/pertemuan4/src/pertemuan4/Lat1Inheritance.java</file>
        </group>
    </open-files>
</project-private>
