<?xml version="1.0" encoding="UTF-8"?>
<project-private xmlns="http://www.netbeans.org/ns/project-private/1">
    <editor-bookmarks xmlns="http://www.netbeans.org/ns/editor-bookmarks/2" lastBookmarkId="0"/>
    <open-files xmlns="http://www.netbeans.org/ns/projectui-open-files/2">
        <group>
            <file>file:/C:/Users/Ari/Documents/NetBeansProjects/Pertemuan3/src/pertemuan3/C2Interface.java</file>
            <file>file:/C:/Users/Ari/Documents/NetBeansProjects/Pertemuan3/src/pertemuan3/C1Abstraksi.java</file>
            <file>file:/C:/Users/Ari/Documents/NetBeansProjects/Pertemuan3/src/pertemuan3/Lat1kendaraan.java</file>
        </group>
    </open-files>
</project-private>
